file_key,category,bucket,title,design_url,source
cPhxRpyLYJATvVZ0lrQ9VR,Mobile screens,mobile,Mobile screens,https://www.figma.com/design/cPhxRpyLYJATvVZ0lrQ9VR/Mobile-UI-kit--Community---Copy-?node-id=194-1561&p=f&t=LRza040thyTiiCoA-0,sheet
ZEbJpC67UQyeeynt1UR8gT,Mobile screens,mobile,Mobile screens,https://www.figma.com/design/ZEbJpC67UQyeeynt1UR8gT/Mobile-UI-kit--Community---Copy-?node-id=194-1561&p=f&t=rAEosCWgq0ApSWo4-0,sheet
MvI0ZTMcbKPiX5AsZedfFZ,Landing / web,landing,Landing / web,https://www.figma.com/design/MvI0ZTMcbKPiX5AsZedfFZ/Basic-website-kit-by-Figma--Community---Copy-?node-id=0-1&p=f&t=1WbBSI4Tb2MMys83-0,sheet
TgYmEqMwrWFHBxF2kAVOaF,Web dashboard,dashboard,Web dashboard,https://www.figma.com/design/TgYmEqMwrWFHBxF2kAVOaF/Metrix-SaaS-Dashboard-UI-Kit--Community-?t=nUodLXNNvjqvEJ1Y-0,sheet
tqmXjyHAuoM2byJMreptYS,Web admin,dashboard,Web admin,https://www.figma.com/design/tqmXjyHAuoM2byJMreptYS/Free-Figma-Tailwind-Admin-Dashboard---TailAdmin--Community-?node-id=810-15248&p=f&t=ALjH8EbCjUncQtL9-0,sheet
OVgxSlOFyp1ONueGbS9dUf,Web dashboard alt,dashboard,Web dashboard alt,https://www.figma.com/design/OVgxSlOFyp1ONueGbS9dUf/DashStack---Free-Admin-Dashboard-UI-Kit---Admin---Dashboard-Ui-Kit---Admin-Dashboard--Community-?node-id=0-40222&p=f&t=UzJN3jcAtM8TwZZ9-0,sheet
yJ7VsV0epdP0RYDGL8b48L,Mobile freebie screens,mobile,Mobile freebie screens,https://www.figma.com/design/yJ7VsV0epdP0RYDGL8b48L/HaHo--Freebie--Mobile-UI-Kit---Design-System--Community---Copy-?node-id=4668-7848&p=f&t=mEakX5erJfil6bdL-0,sheet
zPfWU9e1DgFUTtL2vxvJHb,Mobile wireframes (broad),mobile,Mobile wireframes (broad),https://www.figma.com/design/zPfWU9e1DgFUTtL2vxvJHb/Mobile-App-Wireframes-UI-Kit--%7C-BRIX-Agency--Community-?node-id=5302-56798&p=f&t=zwCiltFZKUHRw3AS-0,sheet
YNUlNyBi2tG1WYrB9v8Jt5,Essential Forms & Controls UI Kit,forms,Essential Forms & Controls UI Kit,https://www.figma.com/design/YNUlNyBi2tG1WYrB9v8Jt5/Essential-Forms---Controls-UI-Kit--Community---Copy-?node-id=0-1&p=f&t=msB2VnlG1sZq3Tir-0,sheet
jpF9ONCq3S6S9xTSykYGNM,Treyd Crypto Trading App UI Kit,mobile,Treyd Crypto Trading App UI Kit,https://www.figma.com/design/jpF9ONCq3S6S9xTSykYGNM/Treyd-Crypto-Trading-App-UI-Kit--Community---Copy-?node-id=103-9232&p=f&t=BtR5BizGDjU1Xh4R-0,sheet
REMe6TT3iWXX5CUx4truQZ,Smart Charts,dashboard,Smart Charts,https://www.figma.com/design/REMe6TT3iWXX5CUx4truQZ/Smart-Charts--Community-?node-id=1-2&p=f&t=Qdap6JRqeKYlkzzD-0,sheet
MaFREMBRF3vQ8BhtqA2ZpK,Mobile auth,auth,Mobile auth,https://www.figma.com/design/MaFREMBRF3vQ8BhtqA2ZpK/App-login--signup--reset-password-UI-Kit--Freebie---Community-?node-id=0-1&p=f&t=VTVJmXHI4yoakTex-0,sheet
bWgC4upW5AdbvU7UgxOaN0,Mobile auth,auth,Mobile auth,https://www.figma.com/design/bWgC4upW5AdbvU7UgxOaN0/Modern-Free-Auth-UI-Kit--Community-?node-id=8-476&p=f&t=G3Ax8viY2aepnp7i-0,sheet
4WBrxsgT9mGXvZRB5Jtits,Login/register pack,auth,Login/register pack,https://www.figma.com/design/4WBrxsgT9mGXvZRB5Jtits/Free-Login-Register-Screens-UI-Kits--Community-?node-id=512-3239&p=f&t=crj4CAuC5Jt5Baoh-0,sheet
grKjRghhdLOnJE39QhKhSv,Web + mobile auth,auth,Web + mobile auth,https://www.figma.com/design/grKjRghhdLOnJE39QhKhSv/Authentication-Website-UI-Kit---Oval-Style--Community-?node-id=2-83&p=f&t=soKFWIkZzRriQ0pu-0,sheet
CqIYDAMY5EeuVAwk5TI6Hi,Onboarding + sign-in,auth,Onboarding + sign-in,https://www.figma.com/design/CqIYDAMY5EeuVAwk5TI6Hi/Mobile-App-Onboarding-%7C-Appetite-UI--Community-?node-id=10-597&p=f&t=mynTDLfSanGCjxbo-0,sheet
4xFATxq2bTnEUYZ6VoMlaz,Website wireframes,landing,Website wireframes,https://www.figma.com/design/4xFATxq2bTnEUYZ6VoMlaz/Website-Wireframes-UI-Kit-%7C-BRIX-Templates--Community-?node-id=0-1&p=f&t=kkVZAqeBmR5IwxiJ-0,sheet
V8eUM3s4UawPNV98ClaiYc,Web + mobile wireframe DS,wireframe,Web + mobile wireframe DS,https://www.figma.com/design/V8eUM3s4UawPNV98ClaiYc/Wirefigma-FREE-%7C-Wireframe-Design-System-for-Figma--Community-?node-id=23-0&p=f&t=ThBib1KitsBF3SYi-0,sheet
LxcU0o0knlEMk4kVc3Jcmh,Wireframe UI kit,wireframe,Wireframe UI kit,https://www.figma.com/design/LxcU0o0knlEMk4kVc3Jcmh/Wireframe-UI-Kit--Figma----uxchunks--Community-?node-id=13-2038&p=f&t=gbTIhAp7ALbRwJGg-0,sheet
Fshk7uqx0nm48SMsfYqyfy,SaaS dashboard free,dashboard,SaaS dashboard free,https://www.figma.com/design/Fshk7uqx0nm48SMsfYqyfy/SaaS-Dashboard---Free-UI-Kit--Community-?node-id=0-1&p=f&t=CBz65J7sn0RXwyUH-0,sheet
SWkEhReUYk4Fsjk9Uf3LXn,Glass SaaS dashboard,dashboard,Glass SaaS dashboard,https://www.figma.com/design/SWkEhReUYk4Fsjk9Uf3LXn/Glass-SaaS-Dashboard-%E2%80%93-Free-Figma-UI-Kit---Design-System--Community-?node-id=0-1&p=f&t=DSYoePX6H9FHadrr-0,sheet
CLeJ35NYPljaA7ZBZFIynY,iOS kit (hi quality components + demos),mobile,iOS kit (hi quality components + demos),https://www.figma.com/design/CLeJ35NYPljaA7ZBZFIynY/iOS-16-UI-Kit-for-Figma--Community-?node-id=1002-6668&p=f&t=z3Z0wiTJyWJDfIDO-0,sheet
1wBJdkVjDLedn3sQWSQKtL,Mobile lite screens,mobile,Mobile lite screens,https://www.figma.com/design/1wBJdkVjDLedn3sQWSQKtL/Free-Mobile-App-UI-Kit-for-Figma-%E2%80%94-Lite-Version--Community-?node-id=1-13&p=f&t=JQz5oX36G9HdopO6-0,sheet
33N9h8Z5wn3Ia1TCUUemrl,Untitled UI (FREE),ds,Untitled UI (FREE),https://www.figma.com/design/33N9h8Z5wn3Ia1TCUUemrl/%E2%9D%96-Untitled-UI-%E2%80%93-FREE-Figma-UI-kit-and-design-system-v2.0--Community-?t=YmeZdFtiFAzcmB6N-0,sheet
YZHmPB6ufDPv9AqiRwpoxd,Plus UI (FREE DS),ds,Plus UI (FREE DS),https://www.figma.com/design/YZHmPB6ufDPv9AqiRwpoxd/Plus-UI----FREE-Figma-UI-Kit-and-Design-System--2026--v2.0--Community-?t=Mu0GR650pMQTJsxt-0,sheet
L6fzDJmTnke43vjJWLSkH0,Get UI (FREE),ds,Get UI (FREE),https://www.figma.com/design/L6fzDJmTnke43vjJWLSkH0/%E2%9D%96-Get-UI---FREE-Figma-UI-kit-and-design-system---1.0--Community-?t=puKpPfqMRwCixJnN-0,sheet
WsosQBb33H11GfEyXB9Gv9,Flowbite Tailwind (Free edition),ds,Flowbite Tailwind (Free edition),https://www.figma.com/design/WsosQBb33H11GfEyXB9Gv9/Flowbite---Tailwind-CSS-Figma-Design-System--Free-Edition---Community-?node-id=15-858&p=f&t=a1u3tLWuBnSeDS5G-0,sheet
jfo7yAJEtwv3km6VkJ0zYQ,Material 3 Design Kit,ds,Material 3 Design Kit,https://www.figma.com/design/jfo7yAJEtwv3km6VkJ0zYQ/Material-3-Design-Kit--Community-?t=9FataUzuAoSYI4aB-0,sheet
Ukp3ITdHzoNJDd3z7tlcng,Ant Design (Free version),ds,Ant Design (Free version),https://www.figma.com/design/Ukp3ITdHzoNJDd3z7tlcng/Ant-Design-System-for-Figma--Free-version---Community-?node-id=12-20919&p=f&t=nPNHTvu9iPeAp470-0,sheet
0K5zL0g2vY2DdZhsOAkyng,HeroUI Kit (Community),ds,HeroUI Kit (Community),https://www.figma.com/design/0K5zL0g2vY2DdZhsOAkyng/HeroUI-Figma-Kit--Community---Community-?t=IVGcefxYGHiJqmBZ-0,sheet
0SePPJ4KDQ5zgxnYQ3ZtDc,HeroUI Kit V3,ds,HeroUI Kit V3,https://www.figma.com/design/0SePPJ4KDQ5zgxnYQ3ZtDc/HeroUI-Figma-Kit-V3--Community-?t=dVzAhK5I9CD5HdIO-0,sheet
zbJbnMYm07Q5lGzDYw8tbx,Shadcn UI DS – Free,ds,Shadcn UI DS – Free,https://www.figma.com/design/zbJbnMYm07Q5lGzDYw8tbx/Shadcn-UI---Design-System---Free--Community-?t=0UjQljAcyj5dxdx0-0,sheet
clBu02o1f9u5ktq1CCjgXX,Nolow DS – Shadcn (Free),ds,Nolow DS – Shadcn (Free),https://www.figma.com/design/clBu02o1f9u5ktq1CCjgXX/Nolow-DS---Shadcn-UI-Kit--43-Components--Variables--Free---Community-?t=XtZn562wuxie1trs-0,sheet
iWaeXGWx8Fu4I56eUmMYFA,shadcn/ui + variables,ds,shadcn/ui + variables,https://www.figma.com/design/iWaeXGWx8Fu4I56eUmMYFA/shadcn-ui-components-with-variables---Tailwind-classes---Updated-January-2026--Community-?t=btkgs1Vk4cwXQ8qG-0,sheet
T5AjaF7KsoZTtXHqC3kgsK,@shadcn/ui Design System,ds,@shadcn/ui Design System,https://www.figma.com/design/T5AjaF7KsoZTtXHqC3kgsK/-shadcn-ui---Design-System--Community-?node-id=2-287&p=f&t=H4R0j6q0DAyGl9Da-0,sheet
xM3OWDhb562vDYgIK0hfop,shadcn Ultimate UI Kit,ds,shadcn Ultimate UI Kit,https://www.figma.com/design/xM3OWDhb562vDYgIK0hfop/shadcn-ui--The-Ultimate-UI-Kit-for-Figma--Community-?t=ttNzFznW1BcUgHyK-0,sheet
ItdbQE988jQIE8ZwkCLXjY,Foundational UI Library,ds,Foundational UI Library,https://www.figma.com/design/ItdbQE988jQIE8ZwkCLXjY/Foundational-UI-Library--Community-?node-id=0-1&p=f&t=bpOddbwZnvstU5Yt-0,sheet
3BntoT09ryHp8jtFO7nwsM,Buttons Mega Builder,ds,Buttons Mega Builder,https://www.figma.com/design/3BntoT09ryHp8jtFO7nwsM/Buttons-Mega-Builder--Community-?node-id=17-8006&p=f&t=0Dd77xbBoqgq1rkc-0,sheet
k6MvIYJvZRdWOXIzwRjiU6,iOS 16 UI Kit (components + demos),mobile,iOS 16 UI Kit (components + demos),https://www.figma.com/design/k6MvIYJvZRdWOXIzwRjiU6/iOS-16-UI-Kit-for-Figma--Community-?t=7ycRMyDXcZQrkeRM-0,sheet
U1gugGVHMcBCrBr91s5cjO,Wirefigma FREE (wire + components),wireframe,Wirefigma FREE (wire + components),https://www.figma.com/design/U1gugGVHMcBCrBr91s5cjO/Wirefigma-FREE-%7C-Wireframe-Design-System-for-Figma--Community-?t=5GSpoMVDlfSUcqv6-0,sheet
62mTwoQlAFEMTVHwNd4onx,Wireframe UI Kit – uxchunks,wireframe,Wireframe UI Kit – uxchunks,https://www.figma.com/design/62mTwoQlAFEMTVHwNd4onx/Wireframe-UI-Kit--Figma----uxchunks--Community-?node-id=13-2038&p=f&t=lo2MlHKyi5T6p4Kj-0,sheet
P6lA9sHTHVbnmUfoYbV9Ir,Whitepace – SaaS landing,landing,Whitepace – SaaS landing,https://www.figma.com/design/P6lA9sHTHVbnmUfoYbV9Ir/Whitepace---SaaS-Landing-Page--Community-?t=E3oJwyYQDNN810R5-0,sheet
UbQrq5WZBqIw945aHbqLX4,Brainwave.io – SaaS / app landing kit,landing,Brainwave.io – SaaS / app landing kit,https://www.figma.com/design/UbQrq5WZBqIw945aHbqLX4/Brainwave.io---Landing-Page-UI-Kit---Saas-Landing-Page---Creative-App-Landing-Page--Community-?t=0NbRFi6B3YjH4nU2-0,sheet
N0Uc9SUEQUSUy4wNMsGH1C,B2Base – B2B SaaS / startups (Free),landing,B2Base – B2B SaaS / startups (Free),https://www.figma.com/design/N0Uc9SUEQUSUy4wNMsGH1C/B2Base---SaaS-platforms---Startups-Figma-Template--Free---Community-?t=PXF2pQFxs0wvOTaM-0,sheet
4mqzdefxfDX2SYlTqGTU2n,Saasto – SaaS & app website,landing,Saasto – SaaS & app website,https://www.figma.com/design/4mqzdefxfDX2SYlTqGTU2n/SaaS---App-Website-I-Saasto--Community-?node-id=181-1481&p=f&t=VTJgvSng72rffbVb-0,sheet
dqhfrq4zUFD2nY697858Vp,Cloudhub – SaaS website,landing,Cloudhub – SaaS website,https://www.figma.com/design/dqhfrq4zUFD2nY697858Vp/Cloudhub---SAAS-Website-Template--Community-?t=3t7JlJS1nbu4Qjne-0,sheet
YGuEMAVBRhpR51B159hwIg,Landing Play Lite – sections + templates,landing,Landing Play Lite – sections + templates,https://www.figma.com/design/YGuEMAVBRhpR51B159hwIg/Landing-Play-Lite-Version---Landing-Page-UI-Kit-for-Figma--Community-?t=5x7eQ8YqLLzULLfi-0,sheet
WAzHraTgsSqQQbJrTRSKlX,Startup landing page template,landing,Startup landing page template,https://www.figma.com/design/WAzHraTgsSqQQbJrTRSKlX/Design-a-Startup-Landing-Page--Community-?t=fflXtEBlSOm3r8lt-0,sheet
m8WyQ9XBo9bvMHhk3m60RK,Filo – SaaS / startup (Framer-oriented),landing,Filo – SaaS / startup (Framer-oriented),https://www.figma.com/design/m8WyQ9XBo9bvMHhk3m60RK/Filo-%E2%80%93-Free-SaaS---Startup-Framer-Website-Template--Community-?node-id=0-1&p=f&t=upOg1sYDqMYr8wIq-0,sheet
DOJzcoTY6pQttUY9dLDZdT,DashStack – admin dashboard,dashboard,DashStack – admin dashboard,https://www.figma.com/design/DOJzcoTY6pQttUY9dLDZdT/DashStack---Free-Admin-Dashboard-UI-Kit---Admin---Dashboard-Ui-Kit---Admin-Dashboard--Community---Copy-?node-id=0-40222&p=f&t=qhNftPV4rS8RZyZE-0,sheet
YBSMjXDGLXoxuVoakAAydM,TailAdmin – Tailwind admin,dashboard,TailAdmin – Tailwind admin,https://www.figma.com/design/YBSMjXDGLXoxuVoakAAydM/Filo-%E2%80%93-Free-SaaS---Startup-Framer-Website-Template--Community-?t=8SsK24b7EoN7oJBt-0,sheet
l2VY2vjR5wZOa8QP27y8Jn,Metrix – SaaS e-commerce dashboard,dashboard,Metrix – SaaS e-commerce dashboard,https://www.figma.com/design/l2VY2vjR5wZOa8QP27y8Jn/Metrix-SaaS-Dashboard-UI-Kit--Community-?m=auto&is-community-duplicate=1&fuid=1662334490189385437,sheet
gqqf7zffiVkOSSrdxIyvFj,Glass SaaS Dashboard,dashboard,Glass SaaS Dashboard,https://www.figma.com/design/gqqf7zffiVkOSSrdxIyvFj/Glass-SaaS-Dashboard-%E2%80%93-Free-Figma-UI-Kit---Design-System--Community-?t=38s25Nu8S2OzlcW3-0,sheet
nvXupvwDpOTbJr9pgA7MSs,SaaS Dashboard UI Kit (Free),dashboard,SaaS Dashboard UI Kit (Free),https://www.figma.com/design/nvXupvwDpOTbJr9pgA7MSs/SaaS-Dashboard-UI-Kit--Free---Community-,sheet
tBlMFplcpGOdP171ZgdmDW,Fintech SaaS admin dashboard,dashboard,Fintech SaaS admin dashboard,https://www.figma.com/design/tBlMFplcpGOdP171ZgdmDW/Fintech-SaaS-Admin-Dashboard-UI-Kit--Community-?t=yfaPdGHVXmVVn4iE-0,sheet
QZ4vlik8qwoR3nmbNgZggk,CRM dashboard + landing,dashboard,CRM dashboard + landing,https://www.figma.com/design/QZ4vlik8qwoR3nmbNgZggk/CRM-Dashboard---Landing-page-UI-Kit--Community-?node-id=1029-91074&p=f&t=LiYcn1EZONosFdfl-0,sheet
Efe6oRto8RL5vQaPkovK4f,Glow UI – web apps / SaaS (FREE),ds,Glow UI – web apps / SaaS (FREE),https://www.figma.com/design/Efe6oRto8RL5vQaPkovK4f/Glow-UI-%E2%80%94-FREE-UI-kit-and-design-system-for-web-apps-and-SaaS--Community-?t=xojM4JvkrSyJbG5v-0,sheet
